Potiron cru;0.619
Potiron cuit;1.12
Printanière de légumes surgelée crue (haricots verts carottes pomme de terre petits pois oignons);1.55
Prune Reine-Claude crue;0.972
Prune crue;0.963
Pruneau sec;2.85
"Purée de fruits tout type de fruits type ""compote sans sucres ajoutés""";0.8
Radis noir cru;0.602
Radis rouge cru;0.602
Raisin blanc à gros grain (type Italia ou Dattier) cru;0.457
Raisin noir cru;0.457
Raisin cru;0.457
Raisin sec;1.04
Rhubarbe tige crue;0.717
Rhubarbe tige cuite sucrée;1.77
Roquette crue;0.941
Rostis ou Galette de pomme de terre;1.18
Rutabaga cru;0.458
Rutabaga cuit;0.945
Salade de fruits crue;1.1
Salade ou chicorée frisée crue;0.625
Salade verte crue sans assaisonnement;0.941
Salicorne (Salicornia sp.) fraîche;1.17
Salsifis noir cru;0.458
Salsifis appertisé égoutté;1.06
Salsifis cuit;0.935
Salsifis surgelé cru;0.705
Scarole crue;1.1
Sésame graine;5.18
Sésame graine décortiquée;5.18
Sésame grillé graine décortiquée;5.18
Soja graine entière;1.56
Sureau baie crue;0.872
Tahin ou Purée de sésame;2.78
Tamarin fruit immature pulpe cru;0.49
Tapioca ou Perles du Japon cru;0.801
Taro tubercule cru;0.63
Taro tubercule cuit;1.35
Tétragone cornue cuite;0.804
Tomate cerise crue;0.582
Tomate de saison crue;0.582
Tomate hors saison crue;1.96
Tomate verte crue;0.703
Tomate concentré appertisé;2.82
Tomate coulis appertisé (purée de tomates mi-réduite à 11%);0.67
Tomate crue;0.703
Tomate double concentré appertisé;4.13
Tomate pelée appertisée égouttée;1.26
Tomate pulpe et peau bouillie/cuite à l'eau;1.23
Tomate pulpe et peau rôtie/cuite au four;1.21
Tomate pulpe appertisée;0.915
Tomate purée appertisée;0.67
Tomate séchée;7.48
Tomate séchée à l'huile;7.48
Topinambour cru;0.505
Topinambour cuit;1.13
Tournesol graine;3.25
Tournesol graine grillé salé;3.25
Barre glacée chocolatée;1.74
Bûche glacée;1.74
Citron givré ou Orange givrée (sorbet);1.74
Coupe glacée parfum pêche Melba ou poire Belle-Hélène;2.08
Coupe glacée type café ou chocolat liégeois;2.08
Dessert glacé feuilleté à partager;1.74
Dessert glacé type mystère ou vacherin;1.74
Dessert glacé type sundae;1.74
Glace à l'eau;0.9
Glace au yaourt;1.74
Glace ou crème glacée bâtonnet enrobé de chocolat;1.74
Glace ou crème glacée cône (taille standard);1.74
Glace ou crème glacée en bac;1.74
Glace ou crème glacée gourmande en bac;1.74
Glace ou crème glacée gourmande en pot;1.74
Glace ou crème glacée mini cône;1.74
Glace ou crème glacée petit pot enfant;1.74
Glace ou crème glacée pot individuel;1.74
Nougat glacé;1.74
Omelette norvégienne;1.74
Pêche melba;2.08
Poire belle Hélène;1.74
Profiterole avec glace vanille et sauce chocolat;3.62
Sorbet bâtonnet;1.07
Sorbet en bac;0.986
Abondance;5.98
Asiago;5.89
Beaufort;6.1
Bleu de Gex ou Fromage bleu du Haut-jura ou Bleu de septmoncel (AOC);5.5
Boisson lactée lait fermenté ou yaourt à boire aromatisé sucré;1.66
Boisson lactée lait fermenté ou yaourt à boire aux fruits sucré;1.66
Boisson lactée lait fermenté ou yaourt à boire nature sucré au L Casei;1.66
Brie de Meaux;5.05
Brie de Melun;5.1
Brie sans précision;5.21
Camembert au lait cru;5.18
Camembert sans précision;5.18
Cantal entre-deux;5.84
Cantal Salers ou Laguiole;5.91
Carré de l'Est;5.0
Chabichou (fromage de chèvre);6.82
Chaource;4.92
Cheddar;6.18
Cheesecake ou Gâteau au fromage frais rayon frais;2.85
Chevrot (fromage de chèvre);6.24
Clafoutis aux fruits rayon frais;1.78
Comté;6.22
Coulommiers;5.41
Crème aux œufs (petit pot de crème chocolat vanille etc.) rayon frais;3.6
Crème brûlée rayon frais;1.9
Crème caramel rayon frais;1.78
Crème chantilly sous pression UHT;1.7
Crème de lait 15 à 20% MG légère épaisse rayon frais;2.53
Crème de lait 15 à 20% MG légère semi-épaisse UHT;2.42
Crème de lait 30% MG épaisse rayon frais;3.64
Crème de lait 30% MG semi-épaisse UHT;3.53
Crème dessert à la vanille appertisée;1.49
Crème dessert à la vanille rayon frais;1.59
Crème dessert au café rayon frais;1.59
Crème dessert au caramel rayon frais;1.59
Crème dessert au chocolat appertisée;3.31
Crème dessert au chocolat rayon frais;3.41
Crème dessert allégée en MG rayon frais;1.59
Crème pâtissière;1.39
Crottin de Chavignol (fromage de chèvre);6.82
Crottin de chèvre au lait cru;7.85
Crottin de chèvre sans précision;7.85
Dessert au soja aromatisé rayon frais;0.867
Dessert au soja aux fruits rayon frais;0.867
Dessert au soja nature rayon frais;0.835
Edam;5.88
Emmental ou emmenthal;6.13
Emmental ou emmenthal râpé;6.16
Époisses;4.99
Faisselle 6% MG environ;5.08
Feta de brebis;5.49
Flan aux œufs rayon frais;1.75
Fontina;5.16
Fourme d'Ambert;5.42
Fourme de Montbrison;5.53
Fromage à pâte ferme environ 14% MG type Masdaam à teneur réduite en MG;5.43
Fromage à pâte ferme environ 27% MG type Maasdam;5.76
Fromage à pâte molle à croûte lavée au lait pasteurisé (type Vieux Pané);5.36
Fromage à pâte molle double crème environ 30% MG;5.25
Fromage à pâte molle et croûte fleurie (type camembert);5.38
Fromage à pâte molle et croûte lavée allégé environ 13% MG;5.16
Fromage à pâte molle et croûte mixte (lavée et fleurie) colorée;5.16
Fromage à pâte molle triple crème environ 40% MG;5.16
Fromage à pate pressée cuite type emmental ou emmenthal allégé en matière grasse;6.16
Fromage blanc nature 0% MG;1.6
Fromage blanc nature 3% MG environ;1.82
Fromage blanc nature gourmand 8% MG environ;2.19
Fromage blanc ou spécialité laitière aux fruits sucré gourmand 7% MG environ;1.45
Fromage bleu au lait de vache;5.3
Fromage bleu d'Auvergne;5.42
Fromage bleu de Bresse;5.3
Fromage bleu de Bresse allegé environ 15% MG;5.03
Fromage bleu des Causses;5.44
Fromage de brebis à pâte molle et croûte fleurie;5.49
Fromage de brebis à pâte pressée;4.79
Fromage de brebis Corse à pâte molle;8.22
Fromage de brebis des Pyrénées;5.26
Fromage de chèvre à pâte molle et croûte fleurie type camembert;7.55
Fromage de chèvre à pâte molle non pressée non cuite croûte naturelle au lait pasteurisé;7.55
Fromage de chèvre bûche;5.65
Fromage de chèvre bûche allégé en matière grasse;6.16
Fromage de chèvre demi-sec;5.99
Fromage de chèvre frais au lait cru (type palet ou crottin frais);5.14
Fromage de chèvre frais au lait pasteurisé (type bûchette fraîche);6.16
Fromage de chèvre frais au lait pasteurisé ou cru (type crottin frais ou bûchette fraîche);5.72
Fromage de chèvre lactique affiné (type bûchette crottin Sainte-Maure);6.16
Fromage de chèvre lactique affiné au lait cru (type Crottin de Chavignol Picodon Rocamadour Sainte-Maure de Touraine);6.38
Fromage de chèvre lactique affiné au lait pasteurisé (type bûchette ou crottin);6.16
Fromage de chèvre sec;5.7
Fromage fondu double crème environ 31% MG;5.16
Fromage fondu en portions ou en cubes environ 20% MG;5.16
Fromage fondu en tranchettes;5.16
Fromage frais type petit suisse aromatisé aux fruits 2-3% MG enrichi en calcium et vitamine D;1.79
Fromage frais type petit suisse aux fruits 2-3% MG;1.79
Fromage frais type petit suisse aux fruits 2-3% MG enrichi en calcium et vitamine D;1.79
Fromage frais type petit suisse nature 0% MG;1.6
Fromage frais type petit suisse nature 10% MG environ;2.33
Fromage frais type petit suisse nature 4% MG environ;1.89
Fromage rond à pâte molle et croûte fleurie 5 à 11% MG type camembert allégé en matière grasse;4.92
Fromage rond à pâte molle et croûte fleurie environ 11% MG type coulommiers allégé en matière grasse;4.97
Fromage rond à pâte molle et croûte fleurie environ 5% MG type camembert allégé en matière grasse;5.0
Fromage type feta au lait de vache;5.09
Fromage type feta au lait de vache à l'huile et aux aromates;5.09
Gâteau au chocolat cœur fondant rayon frais;7.84
Gâteau de riz au caramel rayon frais;1.62
Gâteau de riz appertisé;1.58
Gâteau de semoule aux raisins et caramel rayon frais;1.48
Gâteau de semoule appertisé;1.48
Gorgonzola;5.11
Gouda;5.9
Grana Padano;6.08
Gruyère;6.19
Gruyère IGP France;6.12
Ile flottante rayon frais;1.81
Lait concentré non sucré entier;2.51
Lait concentré sucré entier;2.51
Lait de brebis entier;2.07
Lait de chèvre demi-écrémé UHT;1.47
Lait de chèvre entier cru;1.47
Lait de chèvre entier UHT;1.47
Lait demi-écrémé à teneur réduite en lactose;1.31
Lait demi-écrémé pasteurisé;1.31
Lait demi-écrémé UHT;1.31
Lait demi-écrémé UHT enrichi en vitamines;1.31
Lait écrémé pasteurisé;1.18
Lait écrémé UHT;1.18
Lait emprésuré aromatisé rayon frais;1.54
Lait en poudre demi-écrémé;14.8
Lait en poudre écrémé;14.8
Lait en poudre entier;14.8
Lait entier pasteurisé;1.49
Lait entier UHT;1.49
Lait fermenté à boire nature au lait entier;1.53
Lait fermenté à boire nature maigre;1.36
Lait fermenté ou spécialité laitière type yaourt aromatisé sucré au bifidus;1.45
Lait fermenté ou spécialité laitière type yaourt aux fruits sucré au bifidus;2.12
Lait fermenté ou spécialité laitière type yaourt nature au bifidus;2.1
Lait gélifié aromatisé allégé en matière grasse et en sucre rayon frais;1.51
Lait gélifié aromatisé nappé caramel rayon frais;1.68
Lait gélifié aromatisé rayon frais;1.51
Langres;4.96
Liégeois aux fruits;2.4
Liégeois ou viennois (chocolat café caramel ou vanille) rayon frais;4.57
Livarot;5.29
Maroilles fermier;5.42
Maroilles laitier;5.31
Maroilles sans précision;5.41
Milk-shake provenant de fast food;1.35
Mimolette demi-vieille;6.1
Mimolette extra-vieille;6.19
Mimolette jeune;5.99
Mimolette vieille;6.27
Mimolette sans précision;5.71
Mont d'or ou Vacherin du Haut-Doubs (produit en France) ou Vacherin-Mont d'Or (produit en Suisse);5.11
Morbier;5.88
Mousse à la crème de marrons rayon frais;2.13
Mousse au chocolat (base laitière) rayon frais;9.36
Mousse au chocolat traditionnelle rayon frais;9.36
Mousse aux fruits rayon frais;2.13
Mousse liégeoise (chocolat café caramel ou vanille) rayon frais;4.43
Mozzarella au lait de vache;4.61
Munster;5.27
Neufchâtel;4.86
Ossau-Iraty;5.26
Pain perdu;1.92
Panna cotta rayon frais;1.9
Parmesan;6.12
Pélardon (fromage de chèvre);7.41
Picodon (fromage de chèvre);6.82
Pont l'Évêque;5.33
Pouligny Saint-Pierre (fromage de chèvre);6.46
Profiteroles (crème pâtissière et sauce chocolat) rayon frais;3.73
Provolone;5.84
Raclette (fromage);5.86
Reblochon;5.3
Riz au lait rayon frais;1.69
Rocamadour (fromage de chèvre);6.02
Roquefort;5.97
Sainte-Maure (fromage de chèvre);6.16
Sainte-Maure de Touraine (fromage de chèvre);6.38
Saint-Félicien;4.8
Saint-Marcellin;4.69
Saint-Nectaire fermier;5.38
Saint-Nectaire laitier;5.38
Saint-Nectaire sans précision;5.38
Saint-Paulin (fromage à pâte pressée non cuite demi-ferme);5.66
Salers;5.91
Selles-sur-Cher (fromage de chèvre);6.46
Semoule au lait rayon frais;1.48
Snack pour enfants à base de fromage fondu et de gressins;5.22
Spécialité à base de crème légère 8% MG fluide ou épaisse;1.97
Spécialité fromagère fondante au fromage blanc et aux noix;5.39
Spécialité fromagère non affinée à tartiner environ 30-40 % MG aromatisée (ex: ail et fines herbes);4.92
Spécialité fromagère non affinée environ 20% MG type fromage en barquette à tartiner ou coque fromagère;4.54
Spécialité fromagère non affinée environ 25% MG type fromage en barquette à tartiner ou coque fromagère;4.92
Spécialité végétale type fromage à tartiner au soja préemballée;2.72
Spécialité végétale type fromage en tranche sans soja préemballée;3.35
Spécialité végétale type fromage râpé sans soja préemballée;3.36
Tiramisu rayon frais;11.1
Tome des Bauges;5.69
Tomme ou tome de montagne ou de Savoie;5.62
Tomme ou tome de vache;5.66
Tomme ou tome allégée en matière grasse environ 13% MG;5.62
Valençay (fromage de chèvre);6.6
Yaourt à la grecque au lait de brebis;2.23
Yaourt à la grecque nature;2.11
Yaourt à la grecque sur lit de fruits;2.13
Yaourt au lait de chèvre nature 5% MG environ;1.67
Yaourt lait fermenté ou spécialité laitière aromatisé avec édulcorants 0% MG;1.45
Yaourt lait fermenté ou spécialité laitière aromatisé sucré;1.45
Yaourt lait fermenté ou spécialité laitière aromatisé sucré à la crème;1.53
Yaourt lait fermenté ou spécialité laitière aux céréales;2.19
Yaourt lait fermenté ou spécialité laitière aux céréales 0% MG;2.19
Yaourt lait fermenté ou spécialité laitière aux copeaux de chocolat à la crème sucré;5.49
Yaourt lait fermenté ou spécialité laitière aux fruits avec édulcorants 0% MG;2.13
Yaourt lait fermenté ou spécialité laitière aux fruits avec édulcorants 0% MG enrichi en vitamine D;2.13
Yaourt lait fermenté ou spécialité laitière aux fruits sucré;2.13
Yaourt lait fermenté ou spécialité laitière aux fruits sucré à la crème;2.13
Yaourt lait fermenté ou spécialité laitière aux fruits sucré enrichi en vitamine D;2.13
Yaourt lait fermenté ou spécialité laitière nature;2.11
Yaourt lait fermenté ou spécialité laitière nature 0% MG;2.11
Yaourt lait fermenté ou spécialité laitière nature à la crème;2.12
Yaourt lait fermenté ou spécialité laitière nature sucré;1.51
Beurre à 39-41% MG léger doux;6.18
Beurre à 60-62% MG à teneur réduite en matière grasse demi-sel;7.11
Beurre à 60-62% MG à teneur réduite en matière grasse doux;7.15
Beurre à 80% MG demi-sel;7.73
Beurre à 80% MG salé;7.73
Beurre à 82% MG doux;7.79
Beurre à 82% MG doux tendre;7.79
Beurre de cacao;26.8
Graisse de canard;1.71
Graisse de dinde;1.71
Graisse de poulet;1.71
Graisse d'oie;1.71
Huile combinée (mélange d'huiles);2.4
Huile combinée mélange d'huile d'olive et de graines;2.1
Huile d'arachide;4.2
Huile d'avocat;4.9
Huile de beurre ou Beurre concentré;7.79
Huile de colza;2.3
Huile de coton;2.5
Huile de foie de morue;1.6
Huile de hareng;1.6
Huile de lin;3.5
Huile de maïs;3.5
Huile de noisette;8.2
Huile de palme raffinée;6.0
Huile de palme sans précision;5.5
Huile de pépins de raisin;1.3
Huile de sardine;1.6
Huile de saumon;1.6
Huile de sésame;2.3
Huile de soja;2.8
Huile de tournesol;2.6
Huile d'olive vierge extra;1.0
Huile pour friture sans précision;2.5
Lard gras cru;1.56
"Matière grasse laitière à 20% MG légère ""à tartiner"" doux";4.47
"Matière grasse laitière à 25% MG légère ""à tartiner"" doux";5.03
Matière grasse mélangée (végétale et laitière) à 50-63% MG;3.15
Matière grasse mélangée (végétale et laitière) à 50-63% MG demi-sel;3.15
Matière grasse mélangée (végétale et laitière) à tartiner à 30-40% MG;2.67
Matière grasse mélangée (végétale et laitière) à tartiner à 30-40% MG demi-sel;2.67
Matière grasse ou graisse végétale solide (type margarine) pour friture;2.2
Matière grasse végétale (type margarine) à 30-40% MG légère demi-sel aux esters de stérol végétal;2.32
Matière grasse végétale (type margarine) à 50-63% MG allégée demi-sel;3.15
Matière grasse végétale (type margarine) à 50-63% MG allégée demi-sel riche en oméga 3;3.03
Matière grasse végétale (type margarine) à 50-63% MG allégée doux;1.8
Matière grasse végétale (type margarine) à 50-63% MG allégée doux aux esters de stérol végétal;1.87
Matière grasse végétale (type margarine) à 50-63% MG allégée doux riche en oméga 3;1.81
Matière grasse végétale (type margarine) à 60% de MG allégée au tournesol doux;2.04
Matière grasse végétale (type margarine) à 70% MG doux;2.18
Matière grasse végétale (type margarine) à 80% MG salé;3.95
Matière grasse végétale (type margarine) à tartiner à 30-40% MG légère demi-sel;2.43
Matière grasse végétale (type margarine) à tartiner à 30-40% MG légère doux;1.72
Matière grasse végétale (type margarine) à tartiner à 30-40% MG légère doux riche en oméga 3;1.54
Matière grasse végétale ou margarine 80% MG doux;2.14
Saindoux;1.56
Amarante crue;1.15
Amidon de maïs ou fécule de maïs;1.08
Avoine crue;1.15
Baba au rhum préemballé;0.862
Bagel;0.789
Baklava ou Baklawa (pâtisserie orientale aux amandes et sirop);2.65
Barre biscuitée fourrée aux fruits allégée en matière grasse;2.27
"Barre céréalière ""équilibre"" aux fruits enrichie en vitamines et minéraux";2.44
"Barre céréalière ""équilibre"" chocolatée enrichie en vitamines et minéraux";6.01
Barre céréalière aux amandes ou noisettes;3.18
Barre céréalière aux fruits;2.44
Barre céréalière chocolatée;6.01
Barre céréalière pour petit déjeuner au lait chocolatée ou non enrichie en vitamines et minéraux;6.01
Beignet à la confiture;1.57
Beignet fourré aux fruits préemballé;2.02
Beignet fourré goût chocolat préemballé;5.63
Beignet rond moelleux sans fourrage saupoudré de sucre;1.57
Biscotte briochée;0.948
Biscotte classique;0.948
Biscotte complète ou riche en fibres;0.948
Biscotte multicéréale;0.948
Biscotte sans adjonction de sel;0.948
Biscuit apéritif à base de pomme de terre type tuile salée;1.59
Biscuit apéritif feuilleté;1.59
Biscuit apéritif soufflé à base de maïs à la cacahuète;1.59
Biscuit apéritif soufflé à base de maïs sans cacahuète;1.59
Biscuit apéritif soufflé à base de pomme de terre;1.59
Biscuit apéritif soufflé à base de pomme de terre et de soja;1.59
Biscuit apéritif crackers garni ou fourré au fromage;1.59
Biscuit apéritif crackers nature;1.59
Biscuit apéritif crackers nature allégé en matière grasse;1.59
Biscuit apéritif mini bretzel ou sticks;1.59
Biscuit aux céréales pour petit déjeuner enrichis en vitamines et minéraux;2.86
Biscuit de Savoie;2.88
Biscuit moelleux fourré à l'orange et enrobé de sucre glace;2.27
Biscuit pâtissier meringué;1.83
Biscuit sec (génoise) nappage aux fruits type barquette;2.27
Biscuit sec à teneur garantie en vitamines;1.83
Biscuit sec à teneur garantie en vitamines et minéraux;2.86
Biscuit sec au beurre sablé galette ou palet;3.2
Biscuit sec au beurre sablé galette ou palet au chocolat;5.85
Biscuit sec au lait;2.2
Biscuit sec aux fruits hyposodé;2.27
Biscuit sec aux œufs à la cuillère (cuiller) ou Boudoir;1.83
Biscuit sec avec nappage chocolat;6.66
Biscuit sec avec tablette de chocolat;6.66
Biscuit sec chocolaté préemballé;5.85
Biscuit sec chocolaté type barquette;5.85
Biscuit sec chocolaté type galette;5.85
Biscuit sec chocolaté type tartelette;5.85
Biscuit sec croquant (ex : tuile) sans chocolat allégé en matière grasse;3.01
Biscuit sec croquant au chocolat allégé en matière grasse;5.85
Biscuit sec feuilleté type palmier ou autres;2.83
Biscuit sec fourré à la pâte ou purée de fruits;2.27
Biscuit sec fourré aux fruits allégé en matière grasse;2.27
Biscuit sec fourré fruits à coque (non ou légèrement chocolaté);3.01
Biscuit sec nappé aux fruits tartelette;2.27
Biscuit sec nature;2.86
Biscuit sec ou tuile aux amandes;3.01
Biscuit sec pauvre en glucides;2.86
Biscuit sec petit beurre;2.2
Biscuit sec petit beurre au chocolat;5.85
Biscuit sec pour petit déjeuner;2.86
Biscuit sec pour petit déjeuner allégé en sucres;2.86
Biscuit sec pour petit déjeuner au chocolat;5.85
Biscuit sec type langue de chat ou cigarette russe;3.4
Biscuit sec type tuile aux fruits;3.07
Biscuit sec avec matière grasse végétale;1.22
Biscuit sec petits fours en assortiment;3.4
Biscuit sec sablé galette ou palet aux fruits;2.27
Biscuit sec sans précision;2.86
Blé de Khorasan cru;0.531
Blé dur entier cru;1.15
Blé dur précuit entier cru;1.15
Blé dur précuit grains entiers cuit non salé;0.61
Blé tendre entier ou froment cru;0.889
Blini;1.75
Boules de maïs soufflées au miel (non enrichies en vitamines et minéraux);3.5
Boules de maïs soufflées au miel enrichies en vitamines et minéraux;3.5
Boulgour de blé cru;1.15
Boulgour de blé cuit non salé;0.483
Brioche aux pépites de chocolat;3.66
Brioche fourrée au chocolat;4.97
Brioche fourrée aux fruits;4.97
"Brioche fourrée crème pâtissière (type ""chinois"") préemballée";2.68
Brioche pur beurre;3.34
Brioche de boulangerie traditionnelle;3.34
Brioche préemballée;3.34
Brioche sans précision;3.34
Brownie au chocolat;7.2
Bûche de Noël pâtissière;7.38
Cacahuètes (arachide) enrobées d'un biscuit pour apéritif;3.21
Cake aux fruits;2.49
Canelé;1.94
Céréales chocolatées pour petit déjeuner non fourrées (non enrichies en vitamines et minéraux);3.34
Céréales complètes soufflées enrichies en vitamines et minéraux;3.5
"Céréales pour petit déjeuner ""équilibre"" au chocolat (non enrichies en vitamines et minéraux)";3.34
"Céréales pour petit déjeuner ""équilibre"" au chocolat enrichies en vitamines et minéraux";3.34
"Céréales pour petit déjeuner ""équilibre"" aux fruits (non enrichies en vitamines et minéraux)";3.5
"Céréales pour petit déjeuner ""équilibre"" aux fruits secs (à coque) enrichis en vitamines et minéraux";3.5
"Céréales pour petit déjeuner ""équilibre"" aux fruits enrichies en vitamines et minéraux";3.5
"Céréales pour petit déjeuner ""équilibre"" nature (non enrichies en vitamines et minéraux)";3.5
"Céréales pour petit déjeuner ""équilibre"" nature ou au miel enrichies en vitamines et minéraux";3.5
Céréales pour petit déjeuner chocolatées non fourrées enrichies en vitamines et minéraux;3.34
Céréales pour petit déjeuner fourrées au chocolat ou chocolat-noisettes;3.34
Céréales pour petit déjeuner fourrées au chocolat ou chocolat-noisettes enrichies en vitamines et minéraux;3.34
Céréales pour petit déjeuner fourrées fourrage autre que chocolat enrichies en vitamines et minéraux;3.34
Céréales pour petit déjeuner riches en fibres au chocolat enrichies en vitamines et minéraux;3.34
Céréales pour petit déjeuner riches en fibres avec ou sans fruits enrichies en vitamines et minéraux;3.5
Céréales pour petit déjeuner très riches en fibres enrichies en vitamines et minéraux;3.5
Charlotte aux fruits;1.74
Chausson aux pommes;2.13
Chips de crevette;4.2
Chips de maïs ou tortilla chips;1.54
Chou à la crème (chantilly ou pâtissière);2.42
Chou à la crème chantilly;2.42
Chou à la crème pâtissière;2.01
Chouquette;2.21
Cigarette;5.46
Cône ou cornet classique pour glace;2.86
Cookie aux pépites de chocolat;4.06
Corne de gazelle (pâtisserie orientale aux amandes et sirop);2.47
Couronne de Noël (Brioche) aux fruits confits préemballée;3.35
Couscous (semoule de blé dur roulée précuite à la vapeur) crue;1.66
Couscous (semoule de blé dur roulée précuite à la vapeur) cuite non salée;0.711
Crêpe dentelle;5.46
Crêpe dentelle (pour apéritif) au fromage préemballée;1.59
Crêpe dentelle au chocolat préemballée;6.66
Crêpe maison fourrée à la confiture;1.61
Crêpe maison fourrée au chocolat ou à la pâte à tartiner chocolat et noisettes;1.61
Crêpe préemballée fourrée au sucre;1.61
Crêpe préemballée fourrée chocolat;4.5
Crêpe préemballée fourrée fraise;1.62
Crêpe nature préemballée rayon frais;1.76
Crêpe nature préemballée rayon température ambiante;1.76
Croissant au beurre artisanal;2.6
Croissant aux amandes artisanal;2.37
Croissant ordinaire artisanal;1.61
Croissant sans précision;1.61
Croûton à l'ail aux fines herbes ou aux oignons préemballé;0.995
Croûtons;0.995
Croûtons nature préemballés;0.995
Crumble aux pommes;1.89
Éclair;3.61
Entremets type Opéra;4.77
Épeautre cru;1.15
Far aux pruneaux;2.0
Farine de blé tendre ou froment avec levure incorporée;0.719
Farine de blé tendre ou froment T110;0.719
Farine de blé tendre ou froment T150;0.719
Farine de blé tendre ou froment T45 (pour pâtisserie);0.719
Farine de blé tendre ou froment T55 (pour pains);0.719
Farine de blé tendre ou froment T65;0.719
Farine de blé tendre ou froment T80;0.719
Farine de maïs;0.744
Farine de millet;0.824
Farine de pois chiche;0.901
Farine de riz;3.06
Farine de sarrasin;1.15
Farine de seigle T130;0.645
Farine de seigle T170;0.645
Farine de seigle T85;0.645
Farine de soja;1.63
Farine d'épeautre (grand épeautre);1.15
Farine d'orge;0.72
Flan pâtissier aux oeufs ou à la parisienne;1.97
Flocon d'avoine;1.15
Flocon d'avoine précuit;1.51
Flocons d'avoine bouillis/cuits à l'eau;0.992
Florentin (biscuit sec sucré chocolaté aux amandes);2.86
Fraisier ou framboisier;2.09
Frik (blé dur immature concassé) cru;1.66
Frik (blé dur immature concassé) cuit non salé;0.711
Galette de riz soufflé complet;1.42
Galette de sarrasin nature préemballée;0.904
Galette des rois feuilletée;3.69
Galette des rois feuilletée fourrée frangipane et Pithiviers;3.69
Galettes multicéréales soufflées;1.42
Gâteau au chocolat;7.78
Gâteau au chocolat type forêt noire (génoise au chocolat et crème multi-couches avec ou sans cerises);2.88
Gâteau au citron tout type;1.71
Gâteau au fromage blanc;1.9
Gâteau au yaourt;1.9
Gâteau aux amandes type financier;3.75
Gâteau basque cerises;2.26
Gâteau basque crème pâtissière;2.26
Gâteau marbré;3.19
Gâteau moelleux au chocolat préemballé;9.22
Gâteau moelleux aux fruits;1.99
Gâteau moelleux aux fruits à coque;3.38
Gâteau moelleux fourré au chocolat ou aux pépites de chocolat ou au lait;9.22
Gâteau moelleux fourré aux fruits type mini-roulé ou mini-cake fourré;1.99
Gâteau moelleux nature type génoise;2.79
Gâteau mousse de fruits sur génoise type miroir bavarois;1.99
Gâteau Paris-Brest (pâte à choux crème mousseline praliné);3.91
Gâteau sablé aux fruits préemballé;2.45
Gaufre croustillante (fine ou sèche) chocolatée préemballée;3.03
Gaufre croustillante (fine ou sèche) nature ou sucrée préemballée;2.45
Gaufre moelleuse (type bruxelloise ou liégeoise) chocolatée préemballée;5.27
Gaufre moelleuse (type bruxelloise ou liégeoise) nature ou sucrée préemballée;2.59
Gaufrette fourrée chocolat préemballée;6.66
Gaufrette fourrée fruits à coque (noisette amande praline etc.) chocolatée ou non préemballée;3.01
Gaufrette fourrée aux fruits;2.27
Gaufrette ou éventail sans fourrage;2.86
Gaufrette fourrée vanille préemballée;2.86
Génoise fourrée et nappée au chocolat;9.22
Génoise sèche fourrée aux fruits et nappée de chocolat;1.82
Gnocchi à la pomme de terre cru;0.818
Gnocchi à la pomme de terre cuit;0.889
Gnocchi à la semoule cru;0.818
Gnocchi à la semoule cuit;0.889
"Goûter sec fourré (""sandwiché"") parfum chocolat";5.85
"Goûter sec fourré (""sandwiché"") parfum fruits";2.27
"Goûter sec fourré (""sandwiché"") parfum lait ou vanille";5.85
Grains de blé soufflés au miel ou caramel enrichis en vitamines et minéraux;3.5
Grains de blé soufflés chocolatés enrichis en vitamines et minéraux;3.34
Gressins;0.821
Khatfa feuille de brick préemballée;0.983
Kouign Amann;1.3
Macaron moelleux fourré à la confiture ou à la crème;5.68
Macaron sec;1.8
Madeleine chocolatée préemballée;7.49
Madeleine ordinaire préemballée;1.83
Madeleine traditionnelle pur beurre;3.5
Maïs entier cru;0.81
Mélange de céréales et légumineuses cru;0.789
Meringue;1.79
Mil entier cru;0.874
Mil cuit non salé;0.361
Mille-feuille;2.24
Muesli croustillant au chocolat (non enrichi en vitamines et minéraux);2.12
Muesli croustillant au chocolat avec ou sans fruits enrichi en vitamines et minéraux;2.12
Muesli croustillant aux fruits et/ou fruits secs graines (non enrichi en vitamines et minéraux);2.12
Muesli croustillant aux fruits ou fruits secs enrichi en vitamines et minéraux;2.12
Muesli floconneux aux fruits ou fruits secs (non enrichi en vitamines et minéraux);2.12
Muesli floconneux aux fruits ou fruits secs enrichi en vitamines et minéraux;2.12
Muesli floconneux aux fruits ou fruits secs sans sucres ajoutés;2.12
Muesli floconneux ou de type traditionnel;2.12
Muffin anglais complet petit pain spécial préemballé;0.966
Muffin anglais petit pain spécial préemballé;1.96
Muffin aux myrtilles ou au chocolat;4.19
Multi-céréales soufflées ou extrudées enrichies en vitamines et minéraux;3.5
Nouilles asiatiques aromatisées déshydratées;1.66
Nouilles asiatiques cuites aromatisées;1.34
Nouilles asiatiques cuites nature non salées;1.34
Orge entière crue;0.787
Orge perlée bouilli/cuite à l'eau non salée;0.704
Orge perlée crue;0.787
Pain au chocolat feuilleté artisanal;5.14
Pain au chocolat préemballé;5.14
Pain au lait aux pépites de chocolat préemballé;3.44
Pain au lait artisanal;2.53
Pain au lait préemballé;2.53
Pain au son;0.629
Pain aux raisins (viennoiserie);2.63
Pain blanc maison (avec farine pour machine à pain);0.687
Pain brioché ou viennois;1.98
Pain complet ou intégral (à la farine T150);0.689
Pain courant français 400g ou boule;0.687
Pain de campagne maison (avec farine pour machine à pain);0.689
Pain de mie brioché préemballé;1.86
Pain de mie au son;1.75
Pain de mie complet;1.75
Pain de mie courant;1.75
Pain de mie multicéréale;1.41
Pain de mie sans croûte préemballé;1.25
Pain de seigle et froment;0.67
Pain d'épices;1.67
Pain grillé brioché tranché préemballé;1.7
Pain grillé suédois au blé complet;1.24
Pain grillé suédois au froment;1.24
Pain grillé suédois aux fruits;1.24
Pain grillé suédois aux graines de lin;1.24
Pain grillé domestique;0.958
Pain grillé tranches au froment;0.792
Pain grillé tranches multicéréale;0.734
Pain panini;1.12
Pain pita;0.974
Pain pour hamburger ou hot dog (bun) complet préemballé;0.681
Pain pour hamburger ou hot dog (bun) préemballé;1.69
Pain baguette ou boule au levain;0.66
Pain baguette ou boule aux céréales et graines artisanal;1.04
Pain baguette ou boule bio (à la farine T55 jusqu'à T110);0.737
Pain baguette ou boule bis (à la farine T80 ou T110) ;0.687
Pain baguette ou boule de campagne;0.689
Pain baguette courante;0.687
Pain baguette de tradition française;0.687
Pain baguette sans sel;0.687
Pain sans gluten;1.81
Palmier artisanal;2.83
Pâte à pizza crue;1.13
Pâte à pizza cuite;1.13
Pâte à pizza fine crue;1.13
Pâte brisée crue;3.28
Pâte brisée matière grasse végétale cuite;3.28
Pâte brisée pur beurre crue;3.28
Pâte brisée pur beurre surgelée crue;3.19
Pâte feuilletée pur beurre crue;3.61
Pâte feuilletée pur beurre cuite;3.61
Pâte feuilletée pur beurre surgelée crue;3.5
Pâte feuilletée cuite;3.6
Pâte feuilletée matière grasse végétale crue;3.61
Pâte feuilletée surgelée crue;3.5
Pâte phyllo ou Pâte filo crue;1.59
Pâte sablée pur beurre crue;3.22
Pâte sablée pur beurre cuite;3.22
Pâte sablée pur beurre surgelée crue;3.13
Pâte sablée crue;3.22
Pâte sablée cuite;3.22
Pâtes fraîches aux œufs crues;1.57
Pâtes fraîches aux œufs cuites non salées;1.73
Pâtes sèches standard crues;2.14
Pâtes sèches standard cuites non salées;1.05
Pâtes sèches au blé complet crues;2.04
Pâtes sèches au blé complet cuites non salées;1.05
Pâtes sèches aux œufs crues;2.04
Pâtes sèches aux œufs cuites non salées;1.64
Pâtes sèches sans gluten crues;1.55
Pâtes sèches sans gluten cuites non salées;0.786
Pétales de blé avec noix noisettes ou amandes enrichis en vitamines et minéraux;3.5
Pétales de blé chocolatés (non enrichis en vitamines et minéraux);3.34
Pétales de blé chocolatés enrichis en vitamines et minéraux;3.34
Pétales de maïs glacés au sucre (non enrichis en vitamines et minéraux);3.5
Pétales de maïs glacés au sucre enrichis en vitamines et minéraux;3.5
Pétales de maïs natures (non enrichis en vitamines et minéraux);3.5
Pétales de maïs natures enrichis en vitamines et minéraux;3.5
Polenta ou semoule de maïs cuite non salée;0.711
Polenta ou semoule de maïs précuite sèche;1.66
Pop-corn ou Maïs éclaté à l'air non salé;0.983
Pop-corn ou Maïs éclaté à l'huile salé;0.907
Pop-corn ou Maïs éclaté au caramel;1.63
Quatre-quarts ou barre pâtissière préemballé;3.65
Quinoa FR cru;7.68
Quinoa FR cuit;3.37
Quinoa bouilli/cuit à l'eau non salé;2.64
Quinoa cru;6.02
Riz blanc étuvé cru;2.75
Riz blanc étuvé cuit non salé;1.32
Riz blanc cru;2.75
Riz blanc cuit non salé;1.32
Riz complet cru;2.75
Riz complet cuit non salé;1.32
Riz rouge cru;2.75
Riz rouge cuit non salé;1.32
Riz sauvage cru;2.75
Riz sauvage cuit non salé;1.32
Riz thaï ou basmati cru;4.1
Riz mélange de variétés (blanc complet rouge sauvage etc.) cru;2.75
Rocher coco ou Congolais (petit gâteau à la noix de coco);1.74
Sablé à la noix de coco;2.47
Sablé au cacao ou chocolat au praliné ou autre;5.85
Sablé aux fruits (pomme fruits rouges etc.);2.4
Sablé pâtissier;2.98
Sarrasin entier cru;1.15
Seigle entier cru;0.724
Semoule de blé dur crue;1.66
Sorgho entier cru;0.631
Spéculoos;3.18
Tarte au chocolat fabrication artisanale;7.16
Tarte au citron;2.65
Tarte aux abricots;1.75
Tarte aux fraises;1.77
Tarte aux fruits et crème pâtissière;2.6
Tarte aux fruits rouges;2.6
Tarte aux poires amandine;2.6
Tarte normande aux pommes (garniture farine œufs crème sucre calvados);2.6
Tarte ou tartelette aux fruits;1.9
Tarte ou tartelette aux pommes;1.69
Tarte Tatin aux pommes;2.02
Tartine craquante extrudée et grillée;1.44
Tartine craquante extrudée et grillée fourrée au chocolat;1.45
Tartine craquante extrudée et grillée fourrée aux fruits;1.45
Tortilla souple (à garnir) à base de blé;1.13
Tortilla souple (à garnir) à base de maïs;1.13
Vermicelle de riz cuite non salée;1.31
Vermicelle de riz sèche;1.45
Barre à la noix de coco enrobée de chocolat;4.31
Barre chocolat au lait avec nougat;4.31
Barre chocolatée aux fruits secs;4.31
Barre chocolatée biscuitée;6.47
Barre chocolatée non biscuitée enrobée;5.54
Barre goûter frais au lait et chocolat;6.31
Barre goûter frais au lait et chocolat avec génoise;6.31
Barres ou confiserie chocolatées au lait;6.31
Bonbon / bouchée au chocolat fourrage gaufrettes / biscuit;9.59
Bonbon au caramel mou;1.72
Bonbon dur et sucette;1.72
Bonbon gélifié;1.56
Bonbons tout type;1.72
Bouchée chocolat fourrage fruits à coques et/ou praliné;9.59
Cacahuètes enrobées de chocolat dragéifiées;9.59
Calissons d'Aix en Provence;0.832
Chocolat au lait aux céréales croustillantes tablette;12.6
Chocolat au lait aux fruits secs (noisettes amandes raisins praline) tablette;12.6
Chocolat au lait fourré;12.6
Chocolat au lait fourré au praliné tablette;12.6
Chocolat au lait sans sucres ajoutés avec édulcorants tablette;12.6
Chocolat au lait tablette;12.6
Chocolat blanc aux fruits secs (noisettes amandes raisins praliné)  tablette;11.2
Chocolat blanc tablette;11.2
Chocolat noir à 40% de cacao minimum à pâtisser tablette;16.9
Chocolat noir à 70% cacao minimum extra dégustation tablette;16.9
Chocolat noir à moins de 70% de cacao à croquer tablette;16.9
Chocolat noir aux fruits (orange framboise poire) tablette;4.31
Chocolat noir aux fruits secs (noisettes amandes raisins praline) tablette;16.9
Chocolat noir fourrage confiseur à la menthe;16.9
Chocolat noir fourré praliné tablette;16.9
Chocolat noir sans sucres ajoutés avec édulcorants en tablette;16.9
Confiserie au chocolat dragéifiée;9.59
Confiture d'abricot (extra ou classique);1.25
Confiture de cerise (extra ou classique);1.84
Confiture de fraise (extra ou classique);1.42
Confiture de framboise (extra ou classique);1.88
Confiture de lait;1.76
Confiture tout type de fruits allégée en sucres (extra ou classique);1.42
Dragée amande;1.72
Édulcorant à la saccharine;0.781
Fructose;1.4
Guimauve ou marshmallow;1.62
Marmelade d'orange;1.11
Mélasse de canne;1.28
Miel;1.2
Nougat ou touron;1.99
Pâte à tartiner chocolat et noisette;7.57
Pâte de fruits;1.06
Rocher chocolat fourré praliné;9.59
Sucre blanc;0.612
Sucre roux;1.11
Sucre vanillé;0.612
Accra de poisson;5.32
Agneau collier braisé ou bouilli;50.9
Agneau collier cru;40.2
Agneau côte filet crue;40.2
Agneau côte filet grillée/poêlée;50.9
Agneau côte première crue;40.2
Agneau côte première grillée/poêlée;50.9
Agneau côtelette crue;40.2
Agneau côtelette grillée;50.9
Agneau épaule crue;32.1
Agneau épaule maigre crue;32.1
Agneau épaule maigre rôtie/cuite au four;40.6
Agneau épaule rôtie/cuite au four;40.6
Agneau gigot braisé;50.9
Agneau gigot cru;40.2
Agneau gigot grillé/poêlé;50.9
Agneau gigot rôti/cuit au four;50.9
Agneau selle crue;40.2
Agneau selle partie maigre grillée/poêlée;50.9
Agneau selle partie maigre rôtie/cuite au four;50.9
Anchois au sel (anchoité semi-conserve);2.14
Anchois commun cru;2.14
Anchois commun mariné;1.81
Anchois filets à l'huile semi-conserve égoutté;1.76
Anchois filets roulés aux câpres semi-conserve égoutté;1.76
Andouille;15.8
Andouille de Guéméné;15.8
Andouille de Vire;15.8
Andouille réchauffée à la poêle;15.8
Andouillette de Troyes crue;15.7
Andouillette crue;15.7
Andouillette sautée/poêlée;15.8
Bar commun ou loup (Méditerranée) cru élevage;12.6
Bar commun ou loup (Méditerranée) cru sauvage;9.01
Bar commun ou loup cru sans précision;12.6
Bar commun ou loup rôti/cuit au four;15.3
Bar ou loup de l'Atlantique cru;12.6
Bar rayé ou bar d'Amérique cru;12.6
Beignet de crevette;6.58
Boeuf à bourguignon ou pot-au-feu cru;27.1
Boeuf à bourguignon ou pot-au-feu cuit;34.3
Boeuf bavette d'aloyau crue;27.1
Boeuf bavette d'aloyau grillée/poêlée;34.4
Boeuf boule de macreuse crue;27.1
Boeuf boule de macreuse grillée/poêlée;34.4
Boeuf boule de macreuse rôtie/cuite au four;34.3
Boeuf boulettes cuites;30.1
Boeuf braisé;34.3
Boeuf collier braisé;43.0
Boeuf côte crue;27.3
Boeuf entrecôte crue;27.3
Boeuf entrecôte partie maigre grillée/poêlée;34.6
Boeuf épaule crue;27.1
Boeuf faux-filet cru;27.1
Boeuf faux-filet grillé/poêlé;34.4
Boeuf faux-filet label rouge cru;27.1
Boeuf faux-filet rôti/cuit au four;34.3
Boeuf gîte à la noix cru;27.1
Boeuf gîte à la noix cuit;34.3
Boeuf hampe crue;27.1
Boeuf hampe grillée/poêlée;34.4
Boeuf jarret bouilli/cuit à l'eau;34.7
Boeuf jarret cru;27.3
Boeuf joue braisée ou bouillie;27.7
Boeuf joue crue;27.1
Boeuf onglet cru;27.1
Boeuf onglet grillé;34.3
Boeuf paleron braisé ou bouilli;43.1
Boeuf paleron cru;33.9
Boeuf plat de côtes braisé;34.5
Boeuf plat de côtes cru;27.3
Boeuf queue bouillie/cuite à l'eau;34.7
Boeuf rosbif rôti/cuit au four;34.3
Boeuf rumsteck cru;27.1
Boeuf rumsteck grillé;34.3
Bœuf steak haché 10% MG cru;33.2
Bœuf steak haché 10% MG cuit;42.1
Bœuf steak haché 15% MG cru;33.2
Bœuf steak haché 15% MG cuit;42.1
Bœuf steak haché 20% MG cru;33.2
Bœuf steak haché 20% MG cuit;42.1
Bœuf steak haché 5% MG cru;33.2
Bœuf steak haché 5% MG cuit;42.1
Boeuf steak ou bifteck cru;27.1
Boeuf steak ou bifteck grillé;34.3
Boeuf tende de tranche crue;27.1
Boeuf tende de tranche grillée/poêlée;34.4
Boeuf tende de tranche rôtie/cuite au four;34.3
Bogue crue;1.51
Bonite crue;8.37
Bouchées ou émincé au soja et blé (ne convient pas aux véganes ou végétaliens) préemballé;2.08
Boudin blanc truffé cru;15.7
Boudin noir rayon frais;1.61
Boudin noir sauté/poêlé;1.61
Brème cru;12.6
Bresaola;13.9
Brochette d'agneau;50.7
Brochette de boeuf;34.3
Brochette de porc crue;6.79
Brochette de volaille;9.11
Brochette mixte de viande;6.88
Cabillaud cru;10.8
Cabillaud cuit à la vapeur;13.2
Cabillaud rôti/cuit au four;13.2
Caille viande et peau cuite;9.32
Calmar ou Calamar ou encornet à la romaine (beignet);5.24
Calmar ou calamar ou encornet bouilli/cuit à l'eau;6.53
Calmar ou calamar ou encornet cru;5.7
Calmar ou calamar ou encornet frit ou poêlé avec matière grasse;6.46
Canard cuisse avec peau sans os crue;6.97
Canard magret fumé;9.57
Canard magret cru;9.11
Canard magret grillé/poêlé;9.11
Canard viande et peau cru;6.97
Canard viande et peau rôti/cuit au four;9.32
Canard viande crue;6.97
Canard viande rôtie/cuite au four;9.32
Capelan cru;8.37
Carangue cru;4.24
Cardine franche crue;10.8
Carpaccio de saumon avec marinade;5.83
Carpe crue élevage;6.49
Carpe rôtie/cuite au four;7.9
Carrelet ou plie cuit à la vapeur;13.2
Carrelet ou plie pané frit;13.3
Cervelas;6.89
Cervelas à l'ail pur porc;5.1
Cervelas obernois;5.1
Cervelle agneau crue;21.0
Cervelle agneau cuite;28.9
Cervelle porc braisée;2.9
Cervelle porc crue;2.05
Cervelle veau crue;17.7
Cervelle veau cuite;24.4
Chair à saucisse crue;8.76
Chair à saucisse porc et bœuf crue;4.96
Chair à saucisse pur porc crue;4.96
Chapon viande et peau cru;6.97
Chapon viande et peau rôti/cuit au four;9.31
Chevreau cru;40.2
Chevreau cuit;50.9
Chinchard gras cru;2.25
Chinchard maigre cru;2.25
Chinchard cru;2.25
Chipolata crue;4.96
Chipolata cuite;6.65
Chorizo;6.02
Chorizo supérieur doux ou fort type charcuterie en tranches;6.02
Chorizo supérieur doux ou fort type saucisse sèche;5.93
Coeur agneau cru;21.0
Coeur agneau cuit;28.9
Coeur boeuf cru;21.5
Coeur boeuf cuit;29.5
Coeur dinde cru;1.84
Coeur dinde cuit;2.61
Coeur porc cru;2.05
Coeur poulet cru;1.84
Coeur poulet cuit;2.61
Coeur veau cru;17.7
Confit de canard;9.53
Confit de canard viande (cuisse) sans peau réchauffé;9.53
Confit de foie de porc;2.07
Confit de foie de volaille;1.86
Congre cru;10.8
Coppa;17.5
Coquille Saint-Jacques noix et corail crue;9.68
Coquille Saint-Jacques noix et corail cuite;11.2
Coquille Saint-Jacques noix crue;9.68
Corb cru;4.24
Cordon bleu de volaille;6.2
Coulirou cru;2.25
Crabe ou Tourteau bouilli/cuit à l'eau;31.0
Crevette rose crue;21.8
Crevette crue;21.8
Crevette cuite;26.5
Crevette surgelée crue;13.7
Denté cru;10.8
Dés allumettes râpé ou haché de jambon;6.92
Dés allumettes râpé ou haché de jambon de volaille;6.82
Dinde aile crue;6.97
Dinde cuisse viande et peau crue;6.97
Dinde cuisse viande sans peau crue;6.95
Dinde escalope viennoise ou milanaise ou escalope panée;6.26
Dinde escalope crue;6.82
Dinde escalope rôtie/cuite au four;9.11
Dinde escalope sautée/poêlée;9.16
Dinde viande et peau crue;5.52
Dinde viande crue;5.52
Dinde viande rôtie/cuite au four;7.39
Diot cru;4.96
Dorade grise ou daurade grise ou griset crue;6.71
Dorade grise ou daurade grise ou griset rôtie/cuite au four;8.17
Dorade rose ou daurade rose crue;6.71
Dorade royale ou daurade ou vraie daurade crue élevage;12.6
Dorade royale ou daurade ou vraie daurade crue sauvage;9.01
Églefin cru;10.8
Églefin cuit à la vapeur;13.2
Églefin grillé/poêlé;13.2
Empereur filet sans peau cru;10.8
Épaule de porc cuite choix découennée dégraissée;6.92
Épaule de porc cuite standard découennée dégraissée;6.92
Éperlan cru;1.93
Escargot en sauce au beurre persillé cuit;5.27
Espadon cru;4.24
Espadon rôti/cuit au four;5.15
Faisan viande rôtie/cuite au four;8.85
Filet de bacon;6.99
Flétan de l'Atlantique ou flétan blanc cru;4.24
Flétan du Groënland ou flétan noir ou flétan commun cru;10.8
Flétan du Groënland ou flétan noir ou flétan commun cuit à la vapeur;13.2
Foie agneau cru;21.0
Foie agneau cuit;28.9
Foie canard cru;1.84
Foie dinde cru;1.84
Foie dinde cuit;2.61
Foie génisse cru;21.5
Foie génisse cuit;29.5
Foie lapin cru;1.84
Foie oie cru;1.84
Foie porc cru;2.05
Foie porc cuit;2.9
Foie poulet cru;1.84
Foie poulet cuit;2.61
Foie veau cru;17.7
Foie veau cuit;24.4
Foie volaille cru;1.84
Fromage de tête;4.82
Gésier poulet cru;1.84
Grenadier (de roche) cru;10.8
Grenadier bleu ou hoki de Nouvelle-Zélande cru;6.76
Grondin perlon cru;10.8
Grondin cru;6.71
Haché à base de bœuf ou Préparation de viande hachée de boeuf 15% MG cru;16.3
Haché de volaille;9.11
Haddock (fumé) ou églefin fumé;10.7
Hareng fumé à l'huile;2.18
Hareng fumé au naturel;2.18
Hareng fumé filet doux;2.18
Hareng gras cru;2.3
Hareng maigre cru;2.3
Hareng mariné ou rollmops;2.3
Hareng cru;2.3
Hareng frit;2.82
Hareng grillé/poêlé;2.82
Hoki tout lieu de pêche cru;10.8
Homard bouilli/cuit à l'eau;38.3
Huître creuse crue;4.91
Huître plate crue;4.91
Huître sans précision crue;4.91
Insecte (Mouche Soldat Noir);4.46
Jambon à l'os braisé;8.74
Jambon cru;13.9
Jambon cru fumé;13.9
Jambon cru fumé allégé en matière grasse;13.9
Jambon cuit choix;6.92
Jambon cuit choix avec couenne;6.92
Jambon cuit choix découenné dégraissé;6.92
Jambon cuit de Paris découenné dégraissé;6.92
Jambon cuit fumé;6.92
Jambon cuit supérieur;6.92
Jambon cuit supérieur à teneur réduite en sel;6.92
Jambon cuit supérieur avec couenne;6.92
Jambon cuit supérieur découenné;6.92
Jambon cuit supérieur découenné dégraissé;6.92
Jambon de Bayonne;13.9
Jambon de dinde ou Blanc de dinde en tranche;6.82
Jambon de porc à cuire ou Jambon à rôtir/cuire au four;6.92
Jambon de poulet ou Blanc de poulet en tranche;6.82
Jambon en croûte;8.55
Jambon sec;17.5
Jambon sec de Parme;17.5
Jambon sec Serrano;17.5
Jambon sec découenné dégraissé;17.5
Jambonneau cuit;8.74
Joëls (petits poissons entiers) pour friture crus;1.51
Julienne ou Lingue crue;10.8
Julienne ou Lingue cuite;13.2
Langoustine crue;24.2
Langue boeuf crue;21.5
Langue boeuf cuite;29.5
Langue porc crue;2.05
Langue veau crue;17.7
Langue veau cuite;24.4
Lapin de garenne viande crue;6.97
Lapin de garenne viande cuite;9.32
Lapin viande braisée;9.32
Lapin viande crue;6.97
Lapin viande cuite;9.32
Lardon fumé cru;6.22
Lardon fumé cuit;7.95
Lardon nature cru;6.22
Lardon nature cuit;7.95
Lieu jaune ou colin cru;10.8
Lieu noir cru;5.86
Lieu noir cuit;7.13
Lieu noir surgelé cru;4.34
Lieu ou colin d'Alaska cru;10.8
Lieu ou colin d'Alaska fumé;10.7
Limande crue;10.8
Limande-sole crue;10.8
Limande-sole cuite à la vapeur;13.2
Limande-sole panée frite;13.3
Lingue bleue ou Lingue crue;10.8
Lotte ou baudroie crue;10.8
Lotte ou baudroie grillée/poêlée;13.2
Loup tacheté cru;10.8
Maquereau espagnol ou maquereau blanc ou billard cru;2.25
Maquereau au naturel appertisé égoutté;8.47
Maquereau cru;2.25
Maquereau filet au vin blanc appertisé égoutté;8.47
Maquereau filet sauce moutarde appertisé égoutté;8.47
Maquereau filet sauce tomate appertisé égoutté;8.47
Maquereau frit;2.75
Maquereau fumé;2.13
Maquereau mariné;2.25
Maquereau rôti/cuit au four;2.72
Merguez boeuf et mouton crue;38.5
Merguez boeuf et mouton cuite;38.5
Merguez bœuf mouton et porc crue;31.4
Merguez crue;24.3
Merguez porc et bœuf crue;24.3
Merguez pur bœuf crue;29.6
Merlan cru;10.8
Merlan cuit à la vapeur;13.2
Merlan frit;13.2
Merlan pané;13.3
Merlu blanc du Cap surgelé cru;6.76
Merlu cru;6.76
Merlu cuit à l'étouffée;8.24
Merlu filet surgelé cru;7.27
Mérou cru;4.24
Miettes de thon à la tomate appertisées;4.9
Miettes de thon à l'huile appertisées;6.08
Mortadelle;8.96
Mortadelle pistachée pur porc;8.96
Mortadelle porc et boeuf;8.96
Mortadelle pur porc;8.96
Morue salée bouillie/cuite à l'eau;13.2
Morue salée sèche;10.8
Moule commune crue;4.94
Moule de Méditerranée crue;4.94
Moule appertisée égouttée;5.38
Moule bouillie/cuite à l'eau;6.66
Moules à la sauce catalane ou escabèche (tomate) appertisée égouttée;3.68
Mousse de canard;6.56
Mousse de foie de porc;5.38
Mousse de foie de porc supérieure ou Crème de foie;5.38
Mouton épaule crue;32.1
Mouton gigot cru;40.2
Mouton pied cru;26.4
Mouton tête crue;26.4
Mouton viande crue;32.1
Mulet cru;10.8
Mulet rôti/cuit au four;13.2
Museau de boeuf en vinaigrette;21.7
Museau de porc vinaigrette;2.16
Oeuf de cane cru;3.17
Oeuf de dinde cru;2.78
Oeuf d'oie cru;3.17
Oeuf à la coque;3.8
Oeuf au plat sans matière grasse;3.47
Oeuf blanc (blanc d'oeuf) cru;3.51
Oeuf blanc (blanc d'oeuf) cuit;3.82
Oeuf blanc (blanc d'oeuf) en poudre;4.02
Oeuf brouillé avec matière grasse;4.52
Oeuf cru;3.17
Oeuf dur;3.65
Oeuf en poudre;5.1
Oeuf jaune (jaune d'oeuf) cru;3.51
Oeuf jaune (jaune d'oeuf) cuit;3.82
Oeuf jaune (jaune d'oeuf) en poudre;4.02
Oeuf poché;3.8
Oie viande crue;6.97
Oie viande et peau crue;6.97
Oie viande et peau rôtie/cuite au four;9.32
Oie viande rôtie/cuite au four;9.32
Omble chevalier cru;5.13
Omelette au fromage;4.01
Omelette aux champignons;4.6
Omelette aux fines herbes;3.38
Omelette aux lardons;4.6
Oreille de porc demi-sel;2.55
Orphie commune crue;1.93
Pancetta ou Poitrine roulée sèche;17.5
Panga Pangasius ou poisson-chat du Mékong filet cuit;16.9
Pangasius ou Poisson-chat cru;12.6
Pâté au poivre vert;5.19
Pâté breton;5.19
Pâté de foie de porc;5.19
Pâté de foie de porc supérieur;5.19
Pâté de foie de volaille;5.19
Pâté de foie d'oie;5.19
Pâté de gibier;5.19
Pâté de lapin;5.85
Pâté en croûte;12.3
Pâté ou terrine aux champignons (forestier);3.14
Pâté ou terrine de campagne;5.19
Pecten d'Amérique ou Peigne du canada noix crue;9.65
Perche du Nil crue;6.49
Perche crue;5.13
Perche rôtie/cuite au four;6.24
Pétoncle ou Peigne du Pérou noix crue;9.65
Pied de porc demi-sel;3.26
Pigeon viande rôtie/cuite au four;9.32
Pilchard sauce tomate appertisé égoutté;6.05
Pintade crue;6.97
Pintade cuisse crue;6.97
Pintade poitrine crue;6.82
Plie commune crue;10.8
Poisson pané frit;8.32
Poisson pané surgelé cru;8.45
Poisson croquette ou beignet ou nuggets frit;7.83
Poitrine de porc demi-sel;7.95
Poitrine de porc fumée crue;6.12
Porc bardière découennée crue;1.69
Porc carré cru;10.2
Porc carré cuit;13.0
Porc côte crue;10.2
Porc côte grillée;13.0
Porc échine crue;10.1
Porc échine rôtie/cuite au four;12.9
Porc épaule crue;8.13
Porc épaule cuite;10.4
Porc escalope de jambon crue;10.1
Porc escalope de jambon cuite;12.9
Porc filet mignon cru;10.1
Porc filet mignon cuit;12.9
Porc filet maigre cru;10.1
Porc filet maigre en rôti cuit;12.9
Porc gorge découennée crue;6.22
Porc hachage sans jarret sans bateau découenné dégraisssé désossé cru;10.1
Porc jambon sans jarret sans bateau découenné dégraisssé désossé cru;12.8
Porc jambonneau arrière découenné dégraisssé désossé cru;10.2
Porc jarret cru;10.2
Porc longe crue;10.1
Porc longe cuite;12.9
Porc maigre 80/20 cru;10.1
Porc maigre 90/10 cru;10.1
Porc palette découennée dégraisssée désossée crue;10.1
Porc poitrine cutter sans mouille crue;6.22
Porc poitrine crue;10.1
Porc rôti filet avec chaînette cru;10.1
Porc rôti cru;10.1
Porc rôti cuit;12.9
Porc rouelle de jambon crue;10.1
Porc rouelle de jambon cuite;12.9
Porc travers braisé;13.0
Porc travers cru;10.2
Poule cuisse crue;6.97
Poule viande crue;6.97
Poule viande et peau crue;6.97
Poulet (var. blanc) viande et peau cru;6.97
Poulet éviscéré sans abats cru;6.97
Poulet fermier viande et peau cru;6.97
Poulet aile viande et peau cru;6.97
Poulet aile viande et peau rôti/cuit au four;9.32
Poulet croquette panée ou nuggets;5.91
Poulet cuisse viande et peau bouilli/cuit à l'eau;9.32
Poulet cuisse viande et peau cru;6.97
Poulet cuisse viande et peau rôtie/cuite au four;9.32
Poulet cuisse viande bouilli/cuit à l'eau;9.32
Poulet cuisse viande cru;6.97
Poulet cuisse viande rôti/cuit au four;9.32
Poulet escalope panée;9.05
Poulet filet sans peau cru;6.82
Poulet filet sans peau cuit;9.11
Poulet haut de cuisse viande cru;6.97
Poulet manchons marinés rôtis/cuits au four;7.13
Poulet pilon cru;6.97
Poulet poitrine viande et peau cru;6.82
Poulet poitrine viande et peau rôti/cuit au four;9.11
Poulet viande et peau cru;5.52
Poulet viande et peau rôti/cuit au four;7.39
Poulet viande crue;5.52
Protéine de soja texturée;0.594
Protéine de soja texturée réhydratée;1.32
Quenelle de poisson crue;5.59
Quenelle de poisson en sauce;5.68
Quenelle de veau en sauce;6.03
Quenelle de volaille crue;6.06
Quenelle de volaille en sauce;6.15
Quenelle nature crue;2.6
Raie crue;10.8
Raie cuite au court-bouillon;13.2
Raie rôtie/cuite au four;13.2
Rascasse crue;10.8
Rascasse cuite à la vapeur;13.2
Requin cru;10.8
Rillettes de canard;5.19
Rillettes de maquereau;6.85
Rillettes de poisson;2.83
Rillettes de poulet;5.19
Rillettes de saumon;6.85
Rillettes de thon;2.83
Rillettes de Tours;5.19
Rillettes d'oie;5.19
Rillettes du Mans;5.19
Rillettes pur oie;5.19
Rillettes pur porc;5.19
Rillettes traditionnelles de porc;5.19
Ris agneau cru;26.4
Ris agneau cuit;36.2
Ris veau braisé ou sauté/poêlé;30.7
Ris veau cru;22.3
Rognon agneau braisé;28.9
Rognon agneau cru;21.0
Rognon boeuf cru;21.5
Rognon boeuf cuit;29.5
Rognon porc cru;2.05
Rognon porc cuit;2.9
Rognon veau braisé ou sauté/poêlé;24.5
Rognon veau cru;17.7
Rond de jambon cuit;8.74
Rosette ou Fuseau;5.93
Rôti de volaille en salaison cuit;9.11
Rouget-barbet de roche cru;6.71
Rouget-barbet de roche vapeur;8.28
Rouget-barbet filet avec peau surgelé cru (Thaïlande Sénégal…);7.53
Roulade de porc pistachée;10.3
Roussette ou petite roussette ou saumonette crue;10.8
Roussette ou petite roussette ou saumonette cuite;13.2
Sabre cru;10.8
Saint-Pierre cru;10.8
Salami;5.93
Salami porc et boeuf;5.99
Salami pur porc;5.93
Salami type danois;5.93
Sang boeuf cru;26.8
Sardine à l'huile d'olive appertisée égouttée;6.05
Sardine à l'huile appertisée égouttée;6.05
Sardine crue;1.93
Sardine filets sans arêtes à l'huile d'olive appertisés égouttés;6.05
Sardine grillée;2.33
Sardine sauce tomate appertisée égouttée;6.05
Saucisse alsacienne fumée ou Gendarme;7.86
Saucisse cocktail;12.6
Saucisse de bière;5.1
Saucisse de foie;10.5
Saucisse de Francfort;5.1
Saucisse de jambon pur porc;5.1
Saucisse de Montbéliard;7.86
Saucisse de Morteau;7.86
Saucisse de Morteau bouillie/cuite à l'eau;7.86
Saucisse de Strasbourg ou Knack;12.6
Saucisse de Toulouse crue;15.7
Saucisse de Toulouse cuite;15.9
Saucisse de volaille façon charcutière;13.4
Saucisse de volaille type Knack;14.9
Saucisse sèche;5.99
Saucisse végétale au blé ou seitan préemballé;2.12
Saucisse végétale au tofu (convient aux véganes ou végétaliens) préemballée;1.33
Saucisse viennoise crue;15.7
Saucisson à l'ail;11.3
Saucisson brioché cuit;4.55
Saucisson cuit pur porc;7.58
Saucisson de Paris;6.02
Saucisson de Paris fumé;6.02
Saucisson sec;5.93
Saucisson sec aux noix et/ou noisettes;5.99
Saucisson sec pur porc;5.93
Saucisson sec pur porc qualité supérieure;5.93
Saumon fumé;7.99
Saumon appertisé égoutté;8.95
Saumon bouilli/cuit à l'eau élevage;7.15
Saumon cru élevage;5.77
Saumon cuit à la vapeur;7.02
Saumon cuit au micro-ondes élevage;6.93
Saumon élevage rôti/cuit au four;7.02
Saumon grillé/poêlé;7.05
Saupe crue;6.71
Sébaste du nord ou dorade sébaste ou daurade sébaste crue;10.8
Seitan préemballé;1.29
Sole tropicale ou Sole langue crue;6.71
Sole bouillie/cuite à l'eau;8.17
Sole crue;6.71
Sole cuite à la vapeur;8.17
Sole frite;8.21
Sole poêlée;8.17
Sole rôtie/cuite au four;6.62
Spécialité végétale type jambon cuit préemballée;1.6
Sprat cru;1.93
Surimi bâtonnets tranche ou râpé saveur crabe;6.61
Surimi fourré au fromage;6.61
Tacaud cru;10.8
Tarama préemballé;1.51
Terrine de canard;7.22
Terrine de fruits de mer avec ou sans poisson;7.83
Terrine de lapin;6.05
Terrine de poisson;7.83
Thon à l'huile appertisé égoutté;5.41
Thon albacore ou thon jaune au naturel appertisé égoutté;4.31
Thon albacore ou thon jaune cru;4.39
Thon germon ou thon blanc à l'huile d'olive appertisé égoutté;8.89
Thon germon ou thon blanc cru;8.37
Thon germon ou thon blanc cuit à la vapeur sous pression;10.3
Thon listao ou Bonite à ventre rayé cru;4.36
Thon à la catalane ou à l'escabèche (sauce tomate) appertisé;5.41
Thon au naturel appertisé égoutté;7.33
Thon cru;4.39
Thon rôti/cuit au four;5.33
Tofu fumé préemballé;1.53
Tortilla espagnole aux oignons (omelette aux pommes de terre et oignons);1.68
Tripes boeuf crues;26.9
Truite arc en ciel crue élevage;6.49
Truite arc en ciel élevage cuite à la vapeur;7.9
Truite arc en ciel élevage rôtie/cuite au four;7.9
Truite de mer crue;6.49
Truite d'élevage crue;5.95
Truite d'élevage fumée;6.9
Truite saumonée crue;6.49
Truite cuite à la vapeur;7.24
Truite rôtie/cuite au four;7.24
Turbot d'élevage cru;12.6
Turbot sauvage cru;9.01
Turbot cru;12.6
Turbot rôti/cuit au four;15.3
Veau carré cru;14.6
Veau carré sauté/poêlé;18.6
Veau collier braisé ou bouilli;23.5
Veau collier cru;18.4
Veau côte crue;18.4
Veau côte grillée/poêlée;23.4
Veau épaule braisée ou bouillie;18.7
Veau épaule crue;14.6
Veau épaule grillée/poêlée;18.6
Veau escalope panée cuite;18.1
Veau escalope crue;18.2
Veau escalope cuite;23.1
Veau filet cru;18.2
Veau filet rôti/cuit au four;23.1
Veau jarret braisé ou bouilli;23.5
Veau jarret cru;18.4
Veau noix crue;18.2
Veau noix grillée/poêlée;23.2
Veau noix rôtie;23.1
Veau pied cru;18.4
Veau poitrine crue;14.6
Veau rôti cru;22.9
Veau rôti cuit;29.0
Veau steak haché 15% MG cru;22.4
Veau steak haché 20% MG cru;22.4
Veau tête bouillie/cuite à l'eau;23.5
Vivaneau cru;4.24
Vivaneau cuit;5.15
Volaille croquette panée ou nuggets;5.91
